participant_id,TRIAL_INDEX,IA_ID,word,pythia_sum_surprisal,pythia_average_surprisal
l59_485,1,1,Leading,2.007080078125,1.0035400390625
l59_485,1,2,water,8.4227294921875,8.4227294921875
l59_485,1,3,scientists,5.8670654296875,5.8670654296875
l59_485,1,4,have,3.802001953125,3.802001953125
l59_485,1,5,issued,7.1043701171875,7.1043701171875
l59_485,1,6,one,6.6185302734375,6.6185302734375
l59_485,1,7,of,1.8201904296875,1.8201904296875
l59_485,1,8,the,0.4495849609375,0.4495849609375
l59_485,1,9,sternest,12.9383544921875,6.46917724609375
l59_485,1,10,warnings,5.2105712890625,5.2105712890625
l59_485,1,11,yet,6.134033203125,6.134033203125
l59_485,1,12,about,5.1412353515625,5.1412353515625
l59_485,1,13,global,6.3389892578125,6.3389892578125
l59_485,1,14,food,6.98046875,6.98046875
l59_485,1,15,"supplies,",6.1005859375,3.05029296875
l59_485,1,16,saying,5.365478515625,5.365478515625
l59_485,1,17,that,1.1285400390625,1.1285400390625
l59_485,1,18,the,1.7652587890625,1.7652587890625
l59_485,1,19,world's,5.101318359375,2.5506591796875
l59_485,1,20,population,4.507568359375,4.507568359375
l59_485,1,21,may,5.4300537109375,5.4300537109375
l59_485,1,22,have,2.3131103515625,2.3131103515625
l59_485,1,23,to,2.6925048828125,2.6925048828125
l59_485,1,24,switch,7.2364501953125,7.2364501953125
l59_485,1,25,almost,9.229736328125,9.229736328125
l59_485,1,26,completely,3.117431640625,3.117431640625
l59_485,1,27,to,0.9862060546875,0.9862060546875
l59_485,1,28,a,2.7628173828125,2.7628173828125
l59_485,1,29,vegetarian,7.8876953125,7.8876953125
l59_485,1,30,diet,0.501220703125,0.501220703125
l59_485,1,31,by,4.61328125,4.61328125
l59_485,1,32,2050,4.1173095703125,2.05865478515625
l59_485,1,33,to,4.5146484375,4.5146484375
l59_485,1,34,avoid,2.6429443359375,2.6429443359375
l59_485,1,35,catastrophic,6.703369140625,6.703369140625
l59_485,1,36,shortages.,5.66552734375,2.832763671875
l59_485,1,37,Humans,9.9552001953125,9.9552001953125
l59_485,1,38,derive,9.748779296875,9.748779296875
l59_485,1,39,about,6.5072021484375,6.5072021484375
l59_485,1,40,20%,4.501220703125,2.2506103515625
l59_485,1,41,of,0.272705078125,0.272705078125
l59_485,1,42,their,0.747802734375,0.747802734375
l59_485,1,43,protein,6.239013671875,6.239013671875
l59_485,1,44,from,0.4849853515625,0.4849853515625
l59_485,1,45,animal-based,8.0684814453125,2.6894938151041665
l59_485,1,46,products,4.0848388671875,4.0848388671875
l59_485,1,47,"now,",10.810302734375,5.4051513671875
l59_485,1,48,but,2.584228515625,2.584228515625
l59_485,1,49,this,3.4647216796875,3.4647216796875
l59_485,1,50,may,3.83544921875,3.83544921875
l59_485,1,51,need,6.6746826171875,6.6746826171875
l59_485,1,52,to,0.5084228515625,0.5084228515625
l59_485,1,53,drop,6.9627685546875,6.9627685546875
l59_485,1,54,to,2.0538330078125,2.0538330078125
l59_485,1,55,just,4.071044921875,4.071044921875
l59_485,1,56,5%,4.5078125,2.25390625
l59_485,1,57,to,2.6353759765625,2.6353759765625
l59_485,1,58,feed,5.067138671875,5.067138671875
l59_485,1,59,the,1.529052734375,1.529052734375
l59_485,1,60,extra,8.3773193359375,8.3773193359375
l59_485,1,61,two,7.7547607421875,7.7547607421875
l59_485,1,62,billion,2.6109619140625,2.6109619140625
l59_485,1,63,people,1.393798828125,1.393798828125
l59_485,1,64,expected,8.5003662109375,8.5003662109375
l59_485,1,65,to,0.103271484375,0.103271484375
l59_485,1,66,be,2.7525634765625,2.7525634765625
l59_485,1,67,alive,7.1549072265625,7.1549072265625
l59_485,1,68,by,3.68603515625,3.68603515625
l59_485,1,69,"2050,",3.3470458984375,1.1156819661458333
l59_485,1,70,according,1.4730224609375,1.4730224609375
l59_485,1,71,to,0.0087890625,0.0087890625
l59_485,1,72,research,3.3497314453125,3.3497314453125
l59_485,1,73,by,1.156982421875,1.156982421875
l59_485,1,74,some,7.2431640625,7.2431640625
l59_485,1,75,of,3.10888671875,3.10888671875
l59_485,1,76,the,0.19091796875,0.19091796875
l59_485,1,77,world's,0.7862548828125,0.39312744140625
l59_485,1,78,leading,1.4124755859375,1.4124755859375
l59_485,1,79,water,4.74560546875,4.74560546875
l59_485,1,80,scientists.,0.880859375,0.4404296875
l59_485,1,81,“There,10.281494140625,5.1407470703125
l59_485,1,82,will,3.8480224609375,3.8480224609375
l59_485,1,83,not,4.1181640625,4.1181640625
l59_485,1,84,be,0.054443359375,0.054443359375
l59_485,1,85,enough,1.3309326171875,1.3309326171875
l59_485,1,86,water,2.0372314453125,2.0372314453125
l59_485,1,87,available,3.802490234375,3.802490234375
l59_485,1,88,on,3.333984375,3.333984375
l59_485,1,89,current,8.2576904296875,8.2576904296875
l59_485,1,90,croplands,11.71343994140625,3.90447998046875
l59_485,1,91,to,1.294921875,1.294921875
l59_485,1,92,produce,4.198486328125,4.198486328125
l59_485,1,93,food,3.3480224609375,3.3480224609375
l59_485,1,94,for,2.2193603515625,2.2193603515625
l59_485,1,95,the,1.9613037109375,1.9613037109375
l59_485,1,96,expected,10.6376953125,10.6376953125
l59_485,1,97,nine-billion,17.4840087890625,5.8280029296875
l59_485,1,98,population,6.22998046875,6.22998046875
l59_485,1,99,in,2.327880859375,2.327880859375
l59_485,1,100,2050,3.7930908203125,1.89654541015625
l59_485,1,101,if,6.708740234375,6.708740234375
l59_485,1,102,we,1.2633056640625,1.2633056640625
l59_485,1,103,follow,6.4111328125,6.4111328125
l59_485,1,104,current,5.7156982421875,5.7156982421875
l59_485,1,105,trends,2.4342041015625,2.4342041015625
l59_485,1,106,and,2.906494140625,2.906494140625
l59_485,1,107,changes,7.003173828125,7.003173828125
l59_485,1,108,towards,7.477783203125,7.477783203125
l59_485,1,109,diets,8.7138671875,8.7138671875
l59_485,1,110,common,8.8226318359375,8.8226318359375
l59_485,1,111,in,1.9090576171875,1.9090576171875
l59_485,1,112,western,5.663818359375,5.663818359375
l59_485,1,113,"nations,”",4.525390625,2.2626953125
l59_485,1,114,the,2.34814453125,2.34814453125
l59_485,1,115,report,2.52001953125,2.52001953125
l59_485,1,116,by,5.5601806640625,5.5601806640625
l59_485,1,117,Malik,10.9202880859375,5.46014404296875
l59_485,1,118,Falkenmark,20.0633544921875,6.687784830729167
l59_485,1,119,and,4.3382568359375,4.3382568359375
l59_485,1,120,colleagues,2.9580078125,2.9580078125
l59_485,1,121,at,3.3116455078125,3.3116455078125
l59_485,1,122,the,0.4393310546875,0.4393310546875
l59_485,1,123,Stockholm,7.592041015625,7.592041015625
l59_485,1,124,International,2.5283203125,2.5283203125
l59_485,1,125,Water,1.52435302734375,1.52435302734375
l59_485,1,126,Institute,1.1849365234375,1.1849365234375
l59_485,1,127,(SIWI),9.8831787109375,1.9766357421875
l59_485,1,128,said.,3.149658203125,1.5748291015625
l59_485,2,1,“There,5.507080078125,2.7535400390625
l59_485,2,2,will,4.2125244140625,4.2125244140625
l59_485,2,3,be,0.1732177734375,0.1732177734375
l59_485,2,4,just,6.00439453125,6.00439453125
l59_485,2,5,enough,4.2061767578125,4.2061767578125
l59_485,2,6,water,7.1800537109375,7.1800537109375
l59_485,2,7,if,5.84423828125,5.84423828125
l59_485,2,8,the,2.3826904296875,2.3826904296875
l59_485,2,9,proportion,12.310302734375,12.310302734375
l59_485,2,10,of,0.4710693359375,0.4710693359375
l59_485,2,11,animal-based,15.31689453125,5.105631510416667
l59_485,2,12,foods,4.254638671875,4.254638671875
l59_485,2,13,is,1.6309814453125,1.6309814453125
l59_485,2,14,limited,5.0201416015625,5.0201416015625
l59_485,2,15,to,2.18212890625,2.18212890625
l59_485,2,16,5%,5.741943359375,2.8709716796875
l59_485,2,17,of,1.3031005859375,1.3031005859375
l59_485,2,18,total,3.251220703125,3.251220703125
l59_485,2,19,calories,2.7698974609375,2.7698974609375
l59_485,2,20,and,2.6524658203125,2.6524658203125
l59_485,2,21,considerable,10.365234375,10.365234375
l59_485,2,22,regional,8.1318359375,8.1318359375
l59_485,2,23,water,7.5517578125,7.5517578125
l59_485,2,24,deficits,7.0560302734375,7.0560302734375
l59_485,2,25,can,4.01416015625,4.01416015625
l59_485,2,26,be,0.4488525390625,0.4488525390625
l59_485,2,27,met,5.2947998046875,5.2947998046875
l59_485,2,28,by,1.6107177734375,1.6107177734375
l59_485,2,29,a,2.9552001953125,2.9552001953125
l59_485,2,30,reliable,8.1485595703125,8.1485595703125
l59_485,2,31,system,5.468017578125,5.468017578125
l59_485,2,32,of,0.7703857421875,0.7703857421875
l59_485,2,33,food,3.96875,3.96875
l59_485,2,34,trade.”,10.4674072265625,5.23370361328125
l59_485,2,35,Dire,15.19970703125,7.599853515625
l59_485,2,36,warnings,5.6060791015625,5.6060791015625
l59_485,2,37,of,2.818359375,2.818359375
l59_485,2,38,water,4.880126953125,4.880126953125
l59_485,2,39,scarcity,3.3179931640625,1.65899658203125
l59_485,2,40,limiting,10.3084716796875,10.3084716796875
l59_485,2,41,food,3.675537109375,3.675537109375
l59_485,2,42,production,2.7255859375,2.7255859375
l59_485,2,43,come,7.57861328125,7.57861328125
l59_485,2,44,as,4.4578857421875,4.4578857421875
l59_485,2,45,Oxfam,11.19873046875,3.73291015625
l59_485,2,46,and,3.8343505859375,3.8343505859375
l59_485,2,47,the,3.2139892578125,3.2139892578125
l59_485,2,48,UN,6.0335693359375,6.0335693359375
l59_485,2,49,prepare,10.6488037109375,10.6488037109375
l59_485,2,50,for,2.463134765625,2.463134765625
l59_485,2,51,a,2.480712890625,2.480712890625
l59_485,2,52,possible,5.4439697265625,5.4439697265625
l59_485,2,53,second,6.0552978515625,6.0552978515625
l59_485,2,54,global,6.596923828125,6.596923828125
l59_485,2,55,food,2.912353515625,2.912353515625
l59_485,2,56,crisis,2.1904296875,2.1904296875
l59_485,2,57,in,2.447509765625,2.447509765625
l59_485,2,58,five,7.2298583984375,7.2298583984375
l59_485,2,59,years.,1.5919189453125,0.79595947265625
l59_485,2,60,Prices,10.134033203125,5.0670166015625
l59_485,2,61,for,1.72314453125,1.72314453125
l59_485,2,62,staples,11.486572265625,5.7432861328125
l59_485,2,63,such,3.2139892578125,3.2139892578125
l59_485,2,64,as,0.00537109375,0.00537109375
l59_485,2,65,corn,5.7633056640625,5.7633056640625
l59_485,2,66,and,0.9530029296875,0.9530029296875
l59_485,2,67,wheat,2.6322021484375,2.6322021484375
l59_485,2,68,have,2.558837890625,2.558837890625
l59_485,2,69,risen,2.32763671875,2.32763671875
l59_485,2,70,nearly,4.7896728515625,4.7896728515625
l59_485,2,71,50%,3.857177734375,1.9285888671875
l59_485,2,72,on,4.2576904296875,4.2576904296875
l59_485,2,73,international,6.85400390625,6.85400390625
l59_485,2,74,markets,1.4180908203125,1.4180908203125
l59_485,2,75,since,3.3739013671875,3.3739013671875
l59_485,2,76,"June,",8.9346923828125,4.46734619140625
l59_485,2,77,triggered,11.2421875,11.2421875
l59_485,2,78,by,0.2501220703125,0.2501220703125
l59_485,2,79,severe,6.4730224609375,6.4730224609375
l59_485,2,80,droughts,3.5201416015625,1.76007080078125
l59_485,2,81,in,1.934814453125,1.934814453125
l59_485,2,82,the,1.198974609375,1.198974609375
l59_485,2,83,US,3.4490966796875,3.4490966796875
l59_485,2,84,and,0.641845703125,0.641845703125
l59_485,2,85,"Russia,",5.8663330078125,2.93316650390625
l59_485,2,86,and,1.78076171875,1.78076171875
l59_485,2,87,weak,8.299560546875,8.299560546875
l59_485,2,88,monsoon,10.308349609375,5.1541748046875
l59_485,2,89,rains,1.86181640625,1.86181640625
l59_485,2,90,in,0.880615234375,0.880615234375
l59_485,2,91,Asia.,5.7677001953125,2.88385009765625
l59_485,2,92,More,6.43017578125,6.43017578125
l59_485,2,93,than,0.3929443359375,0.3929443359375
l59_485,2,94,18,6.6368408203125,6.6368408203125
l59_485,2,95,million,1.233642578125,1.233642578125
l59_485,2,96,people,0.746337890625,0.746337890625
l59_485,2,97,are,1.8118896484375,1.8118896484375
l59_485,2,98,already,3.1920166015625,3.1920166015625
l59_485,2,99,facing,5.8773193359375,5.8773193359375
l59_485,2,100,serious,5.241943359375,5.241943359375
l59_485,2,101,food,3.8377685546875,3.8377685546875
l59_485,2,102,shortages,0.5767822265625,0.5767822265625
l59_485,2,103,across,4.69140625,4.69140625
l59_485,2,104,the,0.234130859375,0.234130859375
l59_485,2,105,Sahel.,15.914306640625,5.304768880208333
l59_485,2,106,Oxfam,8.590087890625,2.8633626302083335
l59_485,2,107,has,2.22119140625,2.22119140625
l59_485,2,108,forecast,6.6881103515625,6.6881103515625
l59_485,2,109,that,1.0186767578125,1.0186767578125
l59_485,2,110,the,1.535400390625,1.535400390625
l59_485,2,111,price,4.4591064453125,4.4591064453125
l59_485,2,112,spike,8.4775390625,8.4775390625
l59_485,2,113,will,1.43310546875,1.43310546875
l59_485,2,114,have,4.8760986328125,4.8760986328125
l59_485,2,115,a,1.9085693359375,1.9085693359375
l59_485,2,116,devastating,3.7969970703125,3.7969970703125
l59_485,2,117,impact,0.8294677734375,0.8294677734375
l59_485,2,118,in,3.2598876953125,3.2598876953125
l59_485,2,119,developing,5.801025390625,5.801025390625
l59_485,2,120,countries,0.468017578125,0.468017578125
l59_485,2,121,that,3.8419189453125,3.8419189453125
l59_485,2,122,rely,3.65283203125,3.65283203125
l59_485,2,123,heavily,2.3538818359375,2.3538818359375
l59_485,2,124,on,0.0072021484375,0.0072021484375
l59_485,2,125,food,1.4853515625,1.4853515625
l59_485,2,126,"imports,",5.212890625,2.6064453125
l59_485,2,127,including,3.914306640625,3.914306640625
l59_485,2,128,parts,5.5755615234375,5.5755615234375
l59_485,2,129,of,0.0472412109375,0.0472412109375
l59_485,2,130,Latin,6.4427490234375,6.4427490234375
l59_485,2,131,"America,",1.294677734375,0.6473388671875
l59_485,2,132,North,4.491943359375,4.491943359375
l59_485,2,133,Africa,3.8804931640625,3.8804931640625
l59_485,2,134,and,1.22607421875,1.22607421875
l59_485,2,135,the,0.86767578125,0.86767578125
l59_485,2,136,Middle,0.6986083984375,0.6986083984375
l59_485,2,137,East.,0.3272705078125,0.16363525390625
l59_485,2,138,Food,5.5382080078125,5.5382080078125
l59_485,2,139,shortages,3.9844970703125,3.9844970703125
l59_485,2,140,in,1.9764404296875,1.9764404296875
l59_485,2,141,2008,7.549072265625,7.549072265625
l59_485,2,142,led,3.904052734375,3.904052734375
l59_485,2,143,to,0.3760986328125,0.3760986328125
l59_485,2,144,civil,11.2841796875,11.2841796875
l59_485,2,145,unrest,0.94873046875,0.94873046875
l59_485,2,146,in,0.7503662109375,0.7503662109375
l59_485,2,147,28,9.7762451171875,9.7762451171875
l59_485,2,148,countries.,3.107666015625,1.5538330078125
l59_485,3,1,Clay,5.2718505859375,2.63592529296875
l59_485,3,2,Cockrell,19.0723876953125,9.53619384765625
l59_485,3,3,is,4.008544921875,4.008544921875
l59_485,3,4,sitting,8.6129150390625,8.6129150390625
l59_485,3,5,in,1.23583984375,1.23583984375
l59_485,3,6,his,3.008056640625,3.008056640625
l59_485,3,7,office,2.41748046875,2.41748046875
l59_485,3,8,opposite,7.3834228515625,7.3834228515625
l59_485,3,9,the,1.2459716796875,1.2459716796875
l59_485,3,10,Trump,8.0028076171875,8.0028076171875
l59_485,3,11,International,7.8040771484375,7.8040771484375
l59_485,3,12,Hotel,0.0706787109375,0.0706787109375
l59_485,3,13,and,2.664306640625,2.664306640625
l59_485,3,14,Tower.,2.9581298828125,1.47906494140625
l59_485,3,15,In,3.53564453125,3.53564453125
l59_485,3,16,front,4.5582275390625,4.5582275390625
l59_485,3,17,of,0.023193359375,0.023193359375
l59_485,3,18,the,0.7880859375,0.7880859375
l59_485,3,19,tower,8.345703125,8.345703125
l59_485,3,20,is,1.316162109375,1.316162109375
l59_485,3,21,Central,11.0999755859375,11.0999755859375
l59_485,3,22,"Park,",1.8623046875,0.93115234375
l59_485,3,23,where,2.54248046875,2.54248046875
l59_485,3,24,Cockrell,7.5213623046875,3.76068115234375
l59_485,3,25,holds,5.1983642578125,5.1983642578125
l59_485,3,26,his,2.7623291015625,2.7623291015625
l59_485,3,27,popular,8.6171875,8.6171875
l59_485,3,28,walk,7.681640625,7.681640625
l59_485,3,29,and,4.1378173828125,4.1378173828125
l59_485,3,30,talk,7.300048828125,7.300048828125
l59_485,3,31,therapy,8.4598388671875,8.4598388671875
l59_485,3,32,sessions.,3.027587890625,1.5137939453125
l59_485,3,33,Cockrell,1.84326171875,0.921630859375
l59_485,3,34,is,1.6783447265625,1.6783447265625
l59_485,3,35,a,2.5302734375,2.5302734375
l59_485,3,36,former,2.613037109375,2.613037109375
l59_485,3,37,Wall,7.1353759765625,7.1353759765625
l59_485,3,38,Street,0.2869873046875,0.2869873046875
l59_485,3,39,worker,7.41259765625,7.41259765625
l59_485,3,40,who,0.9649658203125,0.9649658203125
l59_485,3,41,is,2.789794921875,2.789794921875
l59_485,3,42,now,2.6998291015625,2.6998291015625
l59_485,3,43,a,1.4193115234375,1.4193115234375
l59_485,3,44,therapist.,9.04296875,4.521484375
l59_485,3,45,He,1.8702392578125,1.8702392578125
l59_485,3,46,spends,5.858154296875,5.858154296875
l59_485,3,47,large,9.9351806640625,9.9351806640625
l59_485,3,48,parts,3.894775390625,3.894775390625
l59_485,3,49,of,0.0225830078125,0.0225830078125
l59_485,3,50,his,0.1236572265625,0.1236572265625
l59_485,3,51,days,3.9088134765625,3.9088134765625
l59_485,3,52,walking,6.3509521484375,6.3509521484375
l59_485,3,53,in,2.702392578125,2.702392578125
l59_485,3,54,Central,4.6195068359375,4.6195068359375
l59_485,3,55,Park,0.0335693359375,0.0335693359375
l59_485,3,56,or,5.5634765625,5.5634765625
l59_485,3,57,the,3.03173828125,3.03173828125
l59_485,3,58,Battery,9.7303466796875,9.7303466796875
l59_485,3,59,Park,0.3133544921875,0.3133544921875
l59_485,3,60,in,4.38916015625,4.38916015625
l59_485,3,61,downtown,3.30517578125,3.30517578125
l59_485,3,62,Manhattan,2.396728515625,2.396728515625
l59_485,3,63,near,7.302734375,7.302734375
l59_485,3,64,Wall,6.4078369140625,6.4078369140625
l59_485,3,65,"Street,",1.9384765625,0.96923828125
l59_485,3,66,talking,5.35986328125,5.35986328125
l59_485,3,67,to,1.439453125,1.439453125
l59_485,3,68,some,5.07470703125,5.07470703125
l59_485,3,69,of,0.4669189453125,0.4669189453125
l59_485,3,70,New,7.739990234375,7.739990234375
l59_485,3,71,York's,0.5521240234375,0.27606201171875
l59_485,3,72,wealthiest,7.079345703125,3.5396728515625
l59_485,3,73,people.,2.625732421875,1.3128662109375
l59_485,4,1,“Many,9.1097412109375,4.55487060546875
l59_485,4,2,of,1.8895263671875,1.8895263671875
l59_485,4,3,the,0.7857666015625,0.7857666015625
l59_485,4,4,extremely,10.2783203125,10.2783203125
l59_485,4,5,wealthy,4.118408203125,4.118408203125
l59_485,4,6,–,7.099365234375,7.099365234375
l59_485,4,7,the,2.7454833984375,2.7454833984375
l59_485,4,8,1%,10.4190673828125,5.20953369140625
l59_485,4,9,of,0.8975830078125,0.8975830078125
l59_485,4,10,the,0.7520751953125,0.7520751953125
l59_485,4,11,1%,5.559814453125,2.7799072265625
l59_485,4,12,–,2.498291015625,2.498291015625
l59_485,4,13,feel,7.802978515625,7.802978515625
l59_485,4,14,that,1.8424072265625,1.8424072265625
l59_485,4,15,their,3.0941162109375,3.0941162109375
l59_485,4,16,problems,8.4874267578125,8.4874267578125
l59_485,4,17,are,0.83251953125,0.83251953125
l59_485,4,18,really,4.4710693359375,4.4710693359375
l59_485,4,19,not,3.9678955078125,3.9678955078125
l59_485,4,20,problems.,9.74462890625,4.872314453125
l59_485,4,21,But,3.1676025390625,3.1676025390625
l59_485,4,22,they,1.742431640625,1.742431640625
l59_485,4,23,"are,”",9.9169921875,4.95849609375
l59_485,4,24,he,1.33984375,1.33984375
l59_485,4,25,says.,2.994384765625,1.4971923828125
l59_485,4,26,"So,",9.615966796875,4.8079833984375
l59_485,4,27,what,4.6412353515625,4.6412353515625
l59_485,4,28,problems,9.824462890625,9.824462890625
l59_485,4,29,do,1.9825439453125,1.9825439453125
l59_485,4,30,America's,16.0137939453125,8.00689697265625
l59_485,4,31,1%,6.468017578125,3.2340087890625
l59_485,4,32,have?,3.0693359375,1.53466796875
l59_485,4,33,“There,6.3199462890625,3.15997314453125
l59_485,4,34,is,1.3878173828125,1.3878173828125
l59_485,4,35,guilt,12.0325927734375,12.0325927734375
l59_485,4,36,that,3.59375,3.59375
l59_485,4,37,they,2.2884521484375,2.2884521484375
l59_485,4,38,are,1.66064453125,1.66064453125
l59_485,4,39,"rich,”",9.3604736328125,4.68023681640625
l59_485,4,40,he,0.1619873046875,0.1619873046875
l59_485,4,41,said.,4.524169921875,2.2620849609375
l59_485,4,42,“There,3.794921875,1.8974609375
l59_485,4,43,is,0.4481201171875,0.4481201171875
l59_485,4,44,the,3.1947021484375,3.1947021484375
l59_485,4,45,feeling,5.2957763671875,5.2957763671875
l59_485,4,46,that,0.280029296875,0.280029296875
l59_485,4,47,they,1.062255859375,1.062255859375
l59_485,4,48,have,1.9423828125,1.9423828125
l59_485,4,49,to,1.660400390625,1.660400390625
l59_485,4,50,hide,8.11669921875,8.11669921875
l59_485,4,51,that,3.428955078125,3.428955078125
l59_485,4,52,they,0.9560546875,0.9560546875
l59_485,4,53,are,0.614013671875,0.614013671875
l59_485,4,54,rich.,3.0384521484375,1.51922607421875
l59_485,4,55,"And,",6.6910400390625,3.34552001953125
l59_485,4,56,"then,",5.2696533203125,2.63482666015625
l59_485,4,57,there,2.3267822265625,2.3267822265625
l59_485,4,58,is,0.5128173828125,0.5128173828125
l59_485,4,59,the,0.8333740234375,0.8333740234375
l59_485,4,60,isolation,9.041748046875,9.041748046875
l59_485,4,61,–,5.3035888671875,5.3035888671875
l59_485,4,62,being,7.19677734375,7.19677734375
l59_485,4,63,in,3.626953125,3.626953125
l59_485,4,64,the,1.447998046875,1.447998046875
l59_485,4,65,1%,4.5380859375,2.26904296875
l59_485,4,66,can,5.3870849609375,5.3870849609375
l59_485,4,67,be,1.616943359375,1.616943359375
l59_485,4,68,lonely.”,7.33837890625,3.669189453125
l59_485,4,69,Counselors,16.747314453125,8.3736572265625
l59_485,4,70,say,3.1614990234375,3.1614990234375
l59_485,4,71,that,1.6231689453125,1.6231689453125
l59_485,4,72,things,6.56640625,6.56640625
l59_485,4,73,have,2.753662109375,2.753662109375
l59_485,4,74,become,3.6199951171875,3.6199951171875
l59_485,4,75,worse,3.371337890625,3.371337890625
l59_485,4,76,since,3.2435302734375,3.2435302734375
l59_485,4,77,the,0.952880859375,0.952880859375
l59_485,4,78,financial,4.8504638671875,4.8504638671875
l59_485,4,79,crisis.,1.7479248046875,0.87396240234375
l59_485,4,80,People,6.9718017578125,6.9718017578125
l59_485,4,81,now,5.3238525390625,5.3238525390625
l59_485,4,82,talk,5.3565673828125,5.3565673828125
l59_485,4,83,about,0.2315673828125,0.2315673828125
l59_485,4,84,the,1.6612548828125,1.6612548828125
l59_485,4,85,gap,7.6588134765625,7.6588134765625
l59_485,4,86,between,1.274658203125,1.274658203125
l59_485,4,87,rich,2.8011474609375,2.8011474609375
l59_485,4,88,and,0.1744384765625,0.1744384765625
l59_485,4,89,poor,0.0205078125,0.0205078125
l59_485,4,90,more,7.781005859375,7.781005859375
l59_485,4,91,because,4.1583251953125,4.1583251953125
l59_485,4,92,of,2.02734375,2.02734375
l59_485,4,93,movements,12.8480224609375,12.8480224609375
l59_485,4,94,like,2.16796875,2.16796875
l59_485,4,95,Occupy,8.5360107421875,4.26800537109375
l59_485,4,96,Wall,0.417236328125,0.417236328125
l59_485,4,97,Street.,1.14532470703125,0.572662353515625
l59_485,5,1,“The,3.539306640625,1.7696533203125
l59_485,5,2,Occupy,10.5682373046875,5.28411865234375
l59_485,5,3,Wall,6.6119384765625,6.6119384765625
l59_485,5,4,Street,0.2523193359375,0.2523193359375
l59_485,5,5,movement,2.9503173828125,2.9503173828125
l59_485,5,6,was,2.3795166015625,2.3795166015625
l59_485,5,7,a,2.08642578125,2.08642578125
l59_485,5,8,good,5.21484375,5.21484375
l59_485,5,9,one,3.0777587890625,3.0777587890625
l59_485,5,10,and,2.822265625,2.822265625
l59_485,5,11,had,5.5367431640625,5.5367431640625
l59_485,5,12,some,3.741455078125,3.741455078125
l59_485,5,13,important,6.194580078125,6.194580078125
l59_485,5,14,things,3.7708740234375,3.7708740234375
l59_485,5,15,to,0.8905029296875,0.8905029296875
l59_485,5,16,say,1.847412109375,1.847412109375
l59_485,5,17,about,1.2861328125,1.2861328125
l59_485,5,18,income,9.852783203125,9.852783203125
l59_485,5,19,inequality,1.85693359375,1.85693359375
l59_485,5,20,but,4.931884765625,4.931884765625
l59_485,5,21,it,1.862548828125,1.862548828125
l59_485,5,22,singled,13.2216796875,6.61083984375
l59_485,5,23,out,0.488037109375,0.488037109375
l59_485,5,24,the,1.0228271484375,1.0228271484375
l59_485,5,25,1%,10.92626953125,5.463134765625
l59_485,5,26,and,2.3023681640625,2.3023681640625
l59_485,5,27,painted,11.5052490234375,11.5052490234375
l59_485,5,28,them,3.8828125,3.8828125
l59_485,5,29,globally,9.6939697265625,9.6939697265625
l59_485,5,30,as,3.530517578125,3.530517578125
l59_485,5,31,something,4.4029541015625,4.4029541015625
l59_485,5,32,"negative,”",10.1195068359375,5.05975341796875
l59_485,5,33,said,1.3585205078125,1.3585205078125
l59_485,5,34,Jamie,6.3203125,6.3203125
l59_485,5,35,"Traeger-Muney,",35.58349609375,5.083356584821429
l59_485,5,36,a,1.359130859375,1.359130859375
l59_485,5,37,wealth,8.940673828125,8.940673828125
l59_485,5,38,psychologist,7.737060546875,7.737060546875
l59_485,5,39,and,1.5389404296875,1.5389404296875
l59_485,5,40,founder,4.5521240234375,4.5521240234375
l59_485,5,41,of,0.093994140625,0.093994140625
l59_485,5,42,the,0.873291015625,0.873291015625
l59_485,5,43,Wealth,7.591552734375,3.7957763671875
l59_485,5,44,Legacy,11.0001220703125,11.0001220703125
l59_485,5,45,Group.,4.714111328125,2.3570556640625
l59_485,5,46,The,2.5291748046875,2.5291748046875
l59_485,5,47,"media,",11.517333984375,5.7586669921875
l59_485,5,48,she,5.480712890625,5.480712890625
l59_485,5,49,"said,",0.657958984375,0.3289794921875
l59_485,5,50,is,2.427734375,2.427734375
l59_485,5,51,partly,7.3819580078125,7.3819580078125
l59_485,5,52,to,3.68310546875,3.68310546875
l59_485,5,53,blame,0.1356201171875,0.1356201171875
l59_485,5,54,for,1.042236328125,1.042236328125
l59_485,5,55,making,6.5067138671875,6.5067138671875
l59_485,5,56,the,1.34130859375,1.34130859375
l59_485,5,57,rich,6.765869140625,6.765869140625
l59_485,5,58,“feel,11.0687255859375,5.53436279296875
l59_485,5,59,like,1.50830078125,1.50830078125
l59_485,5,60,they,1.1217041015625,1.1217041015625
l59_485,5,61,need,4.9310302734375,4.9310302734375
l59_485,5,62,to,0.83447265625,0.83447265625
l59_485,5,63,hide,7.577392578125,7.577392578125
l59_485,5,64,or,4.8763427734375,4.8763427734375
l59_485,5,65,feel,5.0828857421875,5.0828857421875
l59_485,5,66,ashamed”.,8.3519287109375,4.17596435546875
l59_485,5,67,"“Sometimes,",11.9766845703125,3.9922281901041665
l59_485,5,68,I,3.0191650390625,3.0191650390625
l59_485,5,69,am,4.6119384765625,4.6119384765625
l59_485,5,70,shocked,5.679931640625,5.679931640625
l59_485,5,71,by,2.4853515625,2.4853515625
l59_485,5,72,things,4.5467529296875,4.5467529296875
l59_485,5,73,that,1.305419921875,1.305419921875
l59_485,5,74,people,3.30322265625,3.30322265625
l59_485,5,75,say.,5.699951171875,2.8499755859375
l59_485,5,76,You,4.7498779296875,4.7498779296875
l59_485,5,77,would,5.5555419921875,5.5555419921875
l59_485,5,78,never,3.276611328125,3.276611328125
l59_485,5,79,refer,9.267333984375,9.267333984375
l59_485,5,80,to,0.290283203125,0.290283203125
l59_485,5,81,another,7.1793212890625,7.1793212890625
l59_485,5,82,group,5.2255859375,5.2255859375
l59_485,5,83,of,1.777099609375,1.777099609375
l59_485,5,84,people,0.1666259765625,0.1666259765625
l59_485,5,85,in,3.48046875,3.48046875
l59_485,5,86,the,1.500244140625,1.500244140625
l59_485,5,87,way,4.1829833984375,4.1829833984375
l59_485,5,88,that,1.4368896484375,1.4368896484375
l59_485,5,89,it,4.302001953125,4.302001953125
l59_485,5,90,seems,5.6580810546875,5.6580810546875
l59_485,5,91,perfectly,9.642333984375,9.642333984375
l59_485,5,92,normal,2.0809326171875,2.0809326171875
l59_485,5,93,to,0.716064453125,0.716064453125
l59_485,5,94,refer,4.6444091796875,4.6444091796875
l59_485,5,95,to,0.0887451171875,0.0887451171875
l59_485,5,96,wealth,9.49462890625,9.49462890625
l59_485,5,97,holders.”,13.365966796875,6.6829833984375
l59_485,6,1,“It's,7.880859375,2.626953125
l59_485,6,2,really,4.8355712890625,4.8355712890625
l59_485,6,3,isolating,12.305419921875,6.1527099609375
l59_485,6,4,to,4.03466796875,4.03466796875
l59_485,6,5,have,5.3138427734375,5.3138427734375
l59_485,6,6,a,1.1612548828125,1.1612548828125
l59_485,6,7,lot,3.64697265625,3.64697265625
l59_485,6,8,of,0.13427734375,0.13427734375
l59_485,6,9,money.,9.2486572265625,4.62432861328125
l59_485,6,10,People's,13.6015625,6.80078125
l59_485,6,11,reactions,6.711181640625,6.711181640625
l59_485,6,12,to,1.1478271484375,1.1478271484375
l59_485,6,13,you,5.662841796875,5.662841796875
l59_485,6,14,can,4.051513671875,4.051513671875
l59_485,6,15,be,1.82275390625,1.82275390625
l59_485,6,16,"scary,”",11.280029296875,5.6400146484375
l59_485,6,17,said,1.852294921875,1.852294921875
l59_485,6,18,Barbara,7.4730224609375,7.4730224609375
l59_485,6,19,"Nusbaum,",16.44287109375,4.1107177734375
l59_485,6,20,an,2.99267578125,2.99267578125
l59_485,6,21,expert,3.3087158203125,3.3087158203125
l59_485,6,22,in,1.992919921875,1.992919921875
l59_485,6,23,money,10.10302734375,10.10302734375
l59_485,6,24,psychology.,5.2191162109375,2.60955810546875
l59_485,6,25,“We,4.6646728515625,2.33233642578125
l59_485,6,26,are,3.2303466796875,3.2303466796875
l59_485,6,27,all,2.725830078125,2.725830078125
l59_485,6,28,taught,8.15966796875,8.15966796875
l59_485,6,29,not,4.8597412109375,4.8597412109375
l59_485,6,30,to,0.216064453125,0.216064453125
l59_485,6,31,talk,4.6124267578125,4.6124267578125
l59_485,6,32,about,0.3311767578125,0.3311767578125
l59_485,6,33,money.,4.123291015625,2.0616455078125
l59_485,6,34,It's,3.1104736328125,1.55523681640625
l59_485,6,35,not,1.56982421875,1.56982421875
l59_485,6,36,polite,9.451904296875,9.451904296875
l59_485,6,37,to,0.921142578125,0.921142578125
l59_485,6,38,talk,1.7115478515625,1.7115478515625
l59_485,6,39,about,0.1434326171875,0.1434326171875
l59_485,6,40,money.,2.097900390625,1.0489501953125
l59_485,6,41,"Ironically,",11.9443359375,3.9814453125
l59_485,6,42,it's,2.474609375,1.2373046875
l59_485,6,43,harder,6.8885498046875,6.8885498046875
l59_485,6,44,to,0.437744140625,0.437744140625
l59_485,6,45,talk,2.46728515625,2.46728515625
l59_485,6,46,about,0.0810546875,0.0810546875
l59_485,6,47,having,6.955810546875,6.955810546875
l59_485,6,48,money,1.020263671875,1.020263671875
l59_485,6,49,than,1.369384765625,1.369384765625
l59_485,6,50,it,2.5238037109375,2.5238037109375
l59_485,6,51,is,0.86572265625,0.86572265625
l59_485,6,52,to,0.3748779296875,0.3748779296875
l59_485,6,53,talk,2.781005859375,2.781005859375
l59_485,6,54,about,0.035888671875,0.035888671875
l59_485,6,55,not,5.194580078125,5.194580078125
l59_485,6,56,having,1.2935791015625,1.2935791015625
l59_485,6,57,money.,2.1429443359375,1.07147216796875
l59_485,6,58,It's,1.655517578125,0.8277587890625
l59_485,6,59,much,4.5155029296875,4.5155029296875
l59_485,6,60,more,0.943115234375,0.943115234375
l59_485,6,61,socially,6.2501220703125,6.2501220703125
l59_485,6,62,acceptable,1.5816650390625,1.5816650390625
l59_485,6,63,to,1.49267578125,1.49267578125
l59_485,6,64,say,3.587890625,3.587890625
l59_485,6,65,‘I,6.5301513671875,3.26507568359375
l59_485,6,66,am,3.1751708984375,3.1751708984375
l59_485,6,67,broke.,13.85595703125,6.927978515625
l59_485,6,68,Things,9.05078125,9.05078125
l59_485,6,69,are,1.019287109375,1.019287109375
l59_485,6,70,hard.',10.8807373046875,5.44036865234375
l59_485,6,71,You,3.8564453125,3.8564453125
l59_485,6,72,can't,2.557861328125,1.2789306640625
l59_485,6,73,say,1.7308349609375,1.7308349609375
l59_485,6,74,‘I,3.943115234375,1.9715576171875
l59_485,6,75,have,3.7177734375,3.7177734375
l59_485,6,76,a,2.2254638671875,2.2254638671875
l59_485,6,77,ton,7.994873046875,7.994873046875
l59_485,6,78,of,0.1090087890625,0.1090087890625
l59_485,6,79,money.',4.198486328125,2.0992431640625
l59_485,6,80,You,1.967041015625,1.967041015625
l59_485,6,81,have,2.516845703125,2.516845703125
l59_485,6,82,to,0.5809326171875,0.5809326171875
l59_485,6,83,keep,5.072998046875,5.072998046875
l59_485,6,84,a,2.886474609375,2.886474609375
l59_485,6,85,lot,3.5794677734375,3.5794677734375
l59_485,6,86,of,0.073974609375,0.073974609375
l59_485,6,87,your,4.853515625,4.853515625
l59_485,6,88,life,3.1497802734375,3.1497802734375
l59_485,6,89,private.”,8.078125,4.0390625
l59_485,6,90,As,6.828857421875,6.828857421875
l59_485,6,91,a,2.0240478515625,2.0240478515625
l59_485,6,92,"result,",2.9417724609375,1.47088623046875
l59_485,6,93,Cockrell,14.534423828125,7.2672119140625
l59_485,6,94,points,6.3153076171875,6.3153076171875
l59_485,6,95,"out,",1.1202392578125,0.56011962890625
l59_485,6,96,the,2.189697265625,2.189697265625
l59_485,6,97,rich,6.98095703125,6.98095703125
l59_485,6,98,tend,5.446044921875,5.446044921875
l59_485,6,99,to,0.03857421875,0.03857421875
l59_485,6,100,hang,7.5186767578125,7.5186767578125
l59_485,6,101,out,1.770263671875,1.770263671875
l59_485,6,102,with,0.8468017578125,0.8468017578125
l59_485,6,103,other,2.71533203125,2.71533203125
l59_485,6,104,rich,3.859130859375,3.859130859375
l59_485,6,105,"Americans,",9.819091796875,4.9095458984375
l59_485,6,106,not,3.41015625,3.41015625
l59_485,6,107,out,6.983642578125,6.983642578125
l59_485,6,108,of,0.317626953125,0.317626953125
l59_485,6,109,snobbery,12.287109375,4.095703125
l59_485,6,110,but,4.3187255859375,4.3187255859375
l59_485,6,111,in,2.0711669921875,2.0711669921875
l59_485,6,112,order,4.40625,4.40625
l59_485,6,113,to,0.046142578125,0.046142578125
l59_485,6,114,be,2.5867919921875,2.5867919921875
l59_485,6,115,around,5.9481201171875,5.9481201171875
l59_485,6,116,those,5.8809814453125,5.8809814453125
l59_485,6,117,who,1.1171875,1.1171875
l59_485,6,118,understand,5.87158203125,5.87158203125
l59_485,6,119,them,4.0406494140625,4.0406494140625
l59_485,6,120,and,2.0909423828125,2.0909423828125
l59_485,6,121,their,2.5140380859375,2.5140380859375
l59_485,6,122,problems.,4.5206298828125,2.26031494140625
l59_485,7,1,In,0.0,0.0
l59_485,7,2,the,1.333251953125,1.333251953125
l59_485,7,3,"US,",8.426513671875,4.2132568359375
l59_485,7,4,over,6.98095703125,6.98095703125
l59_485,7,5,the,1.6749267578125,1.6749267578125
l59_485,7,6,last,2.1405029296875,2.1405029296875
l59_485,7,7,30,4.008544921875,4.008544921875
l59_485,7,8,"years,",0.732666015625,0.3663330078125
l59_485,7,9,the,1.3050537109375,1.3050537109375
l59_485,7,10,number,4.1370849609375,4.1370849609375
l59_485,7,11,of,0.064208984375,0.064208984375
l59_485,7,12,very,9.281982421875,9.281982421875
l59_485,7,13,wealthy,3.36962890625,3.36962890625
l59_485,7,14,people,1.6650390625,1.6650390625
l59_485,7,15,has,2.2587890625,2.2587890625
l59_485,7,16,grown.,5.68896484375,2.844482421875
l59_485,7,17,In,2.96044921875,2.96044921875
l59_485,7,18,"2014,",5.14013671875,2.570068359375
l59_485,7,19,the,1.021728515625,1.021728515625
l59_485,7,20,number,2.917236328125,2.917236328125
l59_485,7,21,of,0.0811767578125,0.0811767578125
l59_485,7,22,US,4.002685546875,4.002685546875
l59_485,7,23,households,3.520751953125,3.520751953125
l59_485,7,24,with,3.2427978515625,3.2427978515625
l59_485,7,25,$1,6.070068359375,3.0350341796875
l59_485,7,26,million,2.511962890625,2.511962890625
l59_485,7,27,or,3.3389892578125,3.3389892578125
l59_485,7,28,more,0.27978515625,0.27978515625
l59_485,7,29,–,6.56494140625,6.56494140625
l59_485,7,30,excluding,6.9144287109375,6.9144287109375
l59_485,7,31,the,1.1763916015625,1.1763916015625
l59_485,7,32,value,7.7501220703125,7.7501220703125
l59_485,7,33,of,0.13037109375,0.13037109375
l59_485,7,34,their,3.1766357421875,3.1766357421875
l59_485,7,35,main,7.734375,7.734375
l59_485,7,36,home,3.491455078125,3.491455078125
l59_485,7,37,–,1.245849609375,1.245849609375
l59_485,7,38,increased,1.801513671875,1.801513671875
l59_485,7,39,by,1.3529052734375,1.3529052734375
l59_485,7,40,"500,000",7.613525390625,2.537841796875
l59_485,7,41,to,2.716552734375,2.716552734375
l59_485,7,42,10.1,12.2576904296875,4.085896809895833
l59_485,7,43,million.,2.0875244140625,1.04376220703125
l59_485,7,44,There,5.6568603515625,5.6568603515625
l59_485,7,45,were,2.7169189453125,2.7169189453125
l59_485,7,46,1.3,6.98388671875,2.3279622395833335
l59_485,7,47,million,0.0845947265625,0.0845947265625
l59_485,7,48,households,2.9332275390625,2.9332275390625
l59_485,7,49,worth,7.3839111328125,7.3839111328125
l59_485,7,50,$5,6.4359130859375,3.21795654296875
l59_485,7,51,million,1.189697265625,1.189697265625
l59_485,7,52,and,3.2198486328125,3.2198486328125
l59_485,7,53,"142,000",10.931640625,3.6438802083333335
l59_485,7,54,worth,5.7056884765625,5.7056884765625
l59_485,7,55,$25,9.6298828125,4.81494140625
l59_485,7,56,million,0.11767578125,0.11767578125
l59_485,7,57,or,5.2774658203125,5.2774658203125
l59_485,7,58,more.,0.7236328125,0.36181640625
l59_485,7,59,Since,5.677734375,5.677734375
l59_485,7,60,the,1.55224609375,1.55224609375
l59_485,7,61,2008,4.12158203125,4.12158203125
l59_485,7,62,financial,4.295654296875,4.295654296875
l59_485,7,63,"crisis,",0.3341064453125,0.16705322265625
l59_485,7,64,the,0.98779296875,0.98779296875
l59_485,7,65,gap,8.7933349609375,8.7933349609375
l59_485,7,66,between,0.91845703125,0.91845703125
l59_485,7,67,the,0.8917236328125,0.8917236328125
l59_485,7,68,rich,3.108154296875,3.108154296875
l59_485,7,69,and,0.0552978515625,0.0552978515625
l59_485,7,70,the,1.539306640625,1.539306640625
l59_485,7,71,poor,0.113037109375,0.113037109375
l59_485,7,72,has,0.808349609375,0.808349609375
l59_485,7,73,grown,2.1600341796875,2.1600341796875
l59_485,7,74,and,4.1116943359375,4.1116943359375
l59_485,7,75,the,0.6549072265625,0.6549072265625
l59_485,7,76,situation,7.282470703125,7.282470703125
l59_485,7,77,“has,11.2891845703125,5.64459228515625
l59_485,7,78,gotten,5.1749267578125,5.1749267578125
l59_485,7,79,worse,0.369873046875,0.369873046875
l59_485,7,80,for,5.1478271484375,5.1478271484375
l59_485,7,81,the,1.0999755859375,1.0999755859375
l59_485,7,82,"wealthy,”",6.1224365234375,3.06121826171875
l59_485,7,83,Cockrell,14.8028564453125,7.40142822265625
l59_485,7,84,said.,1.3232421875,0.66162109375
l59_485,7,85,The,2.8602294921875,2.8602294921875
l59_485,7,86,main,6.6929931640625,6.6929931640625
l59_485,7,87,reason?,7.9151611328125,3.95758056640625
l59_485,7,88,Not,5.048095703125,5.048095703125
l59_485,7,89,knowing,7.7822265625,7.7822265625
l59_485,7,90,if,4.6519775390625,4.6519775390625
l59_485,7,91,your,5.349609375,5.349609375
l59_485,7,92,friends,6.1224365234375,6.1224365234375
l59_485,7,93,are,1.4857177734375,1.4857177734375
l59_485,7,94,friends,6.5819091796875,6.5819091796875
l59_485,7,95,with,2.701171875,2.701171875
l59_485,7,96,you,2.3924560546875,2.3924560546875
l59_485,7,97,or,1.8385009765625,1.8385009765625
l59_485,7,98,with,5.4483642578125,5.4483642578125
l59_485,7,99,your,1.5206298828125,1.5206298828125
l59_485,7,100,money.,7.0660400390625,3.53302001953125
l59_485,7,101,“Someone,12.0572509765625,6.02862548828125
l59_485,7,102,else,4.0020751953125,4.0020751953125
l59_485,7,103,who,4.0096435546875,4.0096435546875
l59_485,7,104,is,1.713134765625,1.713134765625
l59_485,7,105,also,6.3154296875,6.3154296875
l59_485,7,106,a,1.4481201171875,1.4481201171875
l59_485,7,107,billionaire,2.929443359375,2.929443359375
l59_485,7,108,–,5.355712890625,5.355712890625
l59_485,7,109,they,3.6739501953125,3.6739501953125
l59_485,7,110,don't,6.37939453125,3.189697265625
l59_485,7,111,want,3.76171875,3.76171875
l59_485,7,112,anything,4.9979248046875,4.9979248046875
l59_485,7,113,from,3.9554443359375,3.9554443359375
l59_485,7,114,you.,3.209716796875,1.6048583984375
l59_485,7,115,Never,7.54345703125,7.54345703125
l59_485,7,116,being,6.34619140625,6.34619140625
l59_485,7,117,able,2.4630126953125,2.4630126953125
l59_485,7,118,to,0.0023193359375,0.0023193359375
l59_485,7,119,trust,4.4193115234375,4.4193115234375
l59_485,7,120,your,2.575927734375,2.575927734375
l59_485,7,121,friendships,8.349853515625,8.349853515625
l59_485,7,122,with,1.207275390625,1.207275390625
l59_485,7,123,other,2.48291015625,2.48291015625
l59_485,7,124,"people,",2.0086669921875,1.00433349609375
l59_485,7,125,I,4.7205810546875,4.7205810546875
l59_485,7,126,think,2.1827392578125,2.1827392578125
l59_485,7,127,that,2.5711669921875,2.5711669921875
l59_485,7,128,is,3.138916015625,3.138916015625
l59_485,7,129,"difficult,”",8.815185546875,4.4075927734375
l59_485,7,130,said,4.294677734375,4.294677734375
l59_485,7,131,Cockrell.,0.66943359375,0.22314453125
l59_485,8,1,Some,0.0,0.0
l59_485,8,2,Americans,7.0260009765625,7.0260009765625
l59_485,8,3,have,2.260986328125,2.260986328125
l59_485,8,4,taken,4.89697265625,4.89697265625
l59_485,8,5,to,2.2843017578125,2.2843017578125
l59_485,8,6,keeping,8.9013671875,8.9013671875
l59_485,8,7,their,2.7110595703125,2.7110595703125
l59_485,8,8,wealth,8.252685546875,8.252685546875
l59_485,8,9,secret.,6.3699951171875,3.18499755859375
l59_485,8,10,“There,9.79150390625,4.895751953125
l59_485,8,11,are,1.3682861328125,1.3682861328125
l59_485,8,12,a,2.429931640625,2.429931640625
l59_485,8,13,lot,0.748291015625,0.748291015625
l59_485,8,14,of,0.0494384765625,0.0494384765625
l59_485,8,15,people,1.1168212890625,1.1168212890625
l59_485,8,16,that,2.9727783203125,2.9727783203125
l59_485,8,17,are,1.7193603515625,1.7193603515625
l59_485,8,18,hiding,7.0277099609375,7.0277099609375
l59_485,8,19,their,2.74365234375,2.74365234375
l59_485,8,20,wealth,0.754638671875,0.754638671875
l59_485,8,21,because,4.4658203125,4.4658203125
l59_485,8,22,they,0.6265869140625,0.6265869140625
l59_485,8,23,are,1.6126708984375,1.6126708984375
l59_485,8,24,concerned,6.951904296875,6.951904296875
l59_485,8,25,about,0.3900146484375,0.3900146484375
l59_485,8,26,negative,9.724365234375,9.724365234375
l59_485,8,27,"judgment,”",10.1697998046875,5.08489990234375
l59_485,8,28,said,1.5552978515625,1.5552978515625
l59_485,8,29,Traeger-Muney.,39.3389892578125,5.619855608258929
l59_485,8,30,“If,4.8787841796875,2.43939208984375
l59_485,8,31,wealthy,10.2034912109375,10.2034912109375
l59_485,8,32,Americans,3.844970703125,3.844970703125
l59_485,8,33,talk,7.540283203125,7.540283203125
l59_485,8,34,about,0.751220703125,0.751220703125
l59_485,8,35,the,1.9078369140625,1.9078369140625
l59_485,8,36,unique,11.197265625,11.197265625
l59_485,8,37,challenges,4.6719970703125,4.6719970703125
l59_485,8,38,that,1.8956298828125,1.8956298828125
l59_485,8,39,come,4.12060546875,4.12060546875
l59_485,8,40,with,0.3408203125,0.3408203125
l59_485,8,41,their,3.368408203125,3.368408203125
l59_485,8,42,"wealth,",1.0965576171875,0.54827880859375
l59_485,8,43,people,3.8265380859375,3.8265380859375
l59_485,8,44,often,5.76904296875,5.76904296875
l59_485,8,45,dismiss,6.2000732421875,6.2000732421875
l59_485,8,46,their,2.3763427734375,2.3763427734375
l59_485,8,47,experience.,9.846923828125,4.9234619140625
l59_485,8,48,People,3.4241943359375,3.4241943359375
l59_485,8,49,say,3.8167724609375,3.8167724609375
l59_485,8,50,"‘Oh,",11.0635986328125,3.6878662109375
l59_485,8,51,poor,7.5762939453125,7.5762939453125
l59_485,8,52,you.',15.0782470703125,7.53912353515625
l59_485,8,53,There,4.7099609375,4.7099609375
l59_485,8,54,is,1.3623046875,1.3623046875
l59_485,8,55,not,4.22021484375,4.22021484375
l59_485,8,56,a,0.7933349609375,0.7933349609375
l59_485,8,57,lot,2.4840087890625,2.4840087890625
l59_485,8,58,of,0.2252197265625,0.2252197265625
l59_485,8,59,sympathy,7.387451171875,7.387451171875
l59_485,8,60,"there,”",8.27880859375,4.139404296875
l59_485,8,61,she,2.465087890625,2.465087890625
l59_485,8,62,said.,0.4669189453125,0.23345947265625
l59_485,8,63,“Wealth,11.4970703125,3.8323567708333335
l59_485,8,64,is,0.689697265625,0.689697265625
l59_485,8,65,still,5.514892578125,5.514892578125
l59_485,8,66,one,3.865234375,3.865234375
l59_485,8,67,of,0.2816162109375,0.2816162109375
l59_485,8,68,our,2.4952392578125,2.4952392578125
l59_485,8,69,last,7.3472900390625,7.3472900390625
l59_485,8,70,taboos.”,12.3297119140625,3.082427978515625
l59_485,8,71,Cockrell,17.247802734375,8.6239013671875
l59_485,8,72,said,2.792724609375,2.792724609375
l59_485,8,73,that,1.897705078125,1.897705078125
l59_485,8,74,a,4.314697265625,4.314697265625
l59_485,8,75,common,5.4241943359375,5.4241943359375
l59_485,8,76,mistake,4.97021484375,4.97021484375
l59_485,8,77,that,3.4217529296875,3.4217529296875
l59_485,8,78,many,3.9962158203125,3.9962158203125
l59_485,8,79,of,3.1241455078125,3.1241455078125
l59_485,8,80,his,2.54345703125,2.54345703125
l59_485,8,81,wealthy,5.5181884765625,5.5181884765625
l59_485,8,82,clients,2.666259765625,2.666259765625
l59_485,8,83,make,3.34326171875,3.34326171875
l59_485,8,84,is,1.2369384765625,1.2369384765625
l59_485,8,85,letting,8.612060546875,8.612060546875
l59_485,8,86,their,2.2435302734375,2.2435302734375
l59_485,8,87,money,3.0574951171875,3.0574951171875
l59_485,8,88,define,10.8455810546875,10.8455810546875
l59_485,8,89,them.,4.188232421875,2.0941162109375
l59_485,8,90,“I,3.088134765625,1.5440673828125
l59_485,8,91,don't,5.3641357421875,2.68206787109375
l59_485,8,92,think,1.397705078125,1.397705078125
l59_485,8,93,it's,3.7608642578125,1.88043212890625
l59_485,8,94,healthy,7.2821044921875,7.2821044921875
l59_485,8,95,to,1.177734375,1.177734375
l59_485,8,96,discount,7.640869140625,7.640869140625
l59_485,8,97,your,3.9696044921875,3.9696044921875
l59_485,8,98,problems.,10.7470703125,5.37353515625
l59_485,8,99,If,3.1009521484375,3.1009521484375
l59_485,8,100,you,0.5584716796875,0.5584716796875
l59_485,8,101,are,2.3818359375,2.3818359375
l59_485,8,102,part,7.5101318359375,7.5101318359375
l59_485,8,103,of,0.0450439453125,0.0450439453125
l59_485,8,104,the,0.97021484375,0.97021484375
l59_485,8,105,"1%,",14.3551025390625,7.17755126953125
l59_485,8,106,you,0.848388671875,0.848388671875
l59_485,8,107,still,4.8453369140625,4.8453369140625
l59_485,8,108,have,0.7950439453125,0.7950439453125
l59_485,8,109,problems,4.461669921875,4.461669921875
l59_485,8,110,and,3.2479248046875,3.2479248046875
l59_485,8,111,they,3.6019287109375,3.6019287109375
l59_485,8,112,are,1.7115478515625,1.7115478515625
l59_485,8,113,legitimate,9.4547119140625,9.4547119140625
l59_485,8,114,to,4.656494140625,4.656494140625
l59_485,8,115,you.,3.4697265625,1.73486328125
l59_485,8,116,Even,5.6898193359375,5.6898193359375
l59_485,8,117,when,2.884033203125,2.884033203125
l59_485,8,118,you,0.387939453125,0.387939453125
l59_485,8,119,"say,",7.4510498046875,3.72552490234375
l59_485,8,120,‘I,3.199951171875,1.5999755859375
l59_485,8,121,don't,1.650146484375,0.8250732421875
l59_485,8,122,have,1.9281005859375,1.9281005859375
l59_485,8,123,to,2.2359619140625,2.2359619140625
l59_485,8,124,struggle,8.6644287109375,8.6644287109375
l59_485,8,125,for,3.4765625,3.4765625
l59_485,8,126,"money',",7.973388671875,3.9866943359375
l59_485,8,127,there,4.2520751953125,4.2520751953125
l59_485,8,128,are,1.1956787109375,1.1956787109375
l59_485,8,129,other,3.776611328125,3.776611328125
l59_485,8,130,parts,6.9072265625,6.9072265625
l59_485,8,131,of,0.357421875,0.357421875
l59_485,8,132,your,2.0885009765625,2.0885009765625
l59_485,8,133,life.,2.5679931640625,1.28399658203125
l59_485,8,134,Money,5.3477783203125,5.3477783203125
l59_485,8,135,is,0.4769287109375,0.4769287109375
l59_485,8,136,not,1.880126953125,1.880126953125
l59_485,8,137,the,2.0081787109375,2.0081787109375
l59_485,8,138,only,1.874267578125,1.874267578125
l59_485,8,139,thing,1.2412109375,1.2412109375
l59_485,8,140,that,0.6932373046875,0.6932373046875
l59_485,8,141,defines,8.0533447265625,8.0533447265625
l59_485,8,142,"you,”",4.9976806640625,2.49884033203125
l59_485,8,143,he,1.5927734375,1.5927734375
l59_485,8,144,said.,0.2142333984375,0.10711669921875
l59_485,8,145,“Your,5.5211181640625,2.76055908203125
l59_485,8,146,problems,5.4232177734375,5.4232177734375
l59_485,8,147,are,0.6597900390625,0.6597900390625
l59_485,8,148,real.”,6.9442138671875,3.47210693359375
l59_485,9,1,Chemists,4.7293701171875,2.36468505859375
l59_485,9,2,have,7.0380859375,7.0380859375
l59_485,9,3,waited,8.6038818359375,8.6038818359375
l59_485,9,4,a,2.6318359375,2.6318359375
l59_485,9,5,long,1.9095458984375,1.9095458984375
l59_485,9,6,time,0.0390625,0.0390625
l59_485,9,7,to,0.6368408203125,0.6368408203125
l59_485,9,8,find,1.984619140625,1.984619140625
l59_485,9,9,a,1.7186279296875,1.7186279296875
l59_485,9,10,new,2.521484375,2.521484375
l59_485,9,11,element,7.0369873046875,7.0369873046875
l59_485,9,12,"and,",8.5714111328125,4.28570556640625
l59_485,9,13,"now,",5.2454833984375,2.62274169921875
l59_485,9,14,researchers,8.5965576171875,8.5965576171875
l59_485,9,15,in,4.304443359375,4.304443359375
l59_485,9,16,"Japan,",7.239990234375,3.6199951171875
l59_485,9,17,Russia,9.37109375,9.37109375
l59_485,9,18,and,1.8353271484375,1.8353271484375
l59_485,9,19,the,2.09228515625,2.09228515625
l59_485,9,20,US,2.6585693359375,2.6585693359375
l59_485,9,21,have,0.7635498046875,0.7635498046875
l59_485,9,22,discovered,3.3753662109375,3.3753662109375
l59_485,9,23,four.,13.2821044921875,6.64105224609375
l59_485,9,24,The,2.592529296875,2.592529296875
l59_485,9,25,four,6.80126953125,6.80126953125
l59_485,9,26,new,2.989013671875,2.989013671875
l59_485,9,27,elements,0.627685546875,0.627685546875
l59_485,9,28,will,2.9383544921875,2.9383544921875
l59_485,9,29,be,0.822998046875,0.822998046875
l59_485,9,30,added,3.814697265625,3.814697265625
l59_485,9,31,to,0.668701171875,0.668701171875
l59_485,9,32,the,0.4293212890625,0.4293212890625
l59_485,9,33,periodic,10.5538330078125,10.5538330078125
l59_485,9,34,table.,2.2357177734375,1.11785888671875
l59_485,9,35,They,4.2860107421875,4.2860107421875
l59_485,9,36,are,1.8233642578125,1.8233642578125
l59_485,9,37,the,2.734130859375,2.734130859375
l59_485,9,38,first,2.3648681640625,2.3648681640625
l59_485,9,39,elements,4.710693359375,4.710693359375
l59_485,9,40,to,1.41845703125,1.41845703125
l59_485,9,41,be,0.4736328125,0.4736328125
l59_485,9,42,added,1.326416015625,1.326416015625
l59_485,9,43,since,5.8302001953125,5.8302001953125
l59_485,9,44,"2011,",7.4190673828125,3.70953369140625
l59_485,9,45,when,3.044677734375,3.044677734375
l59_485,9,46,elements,8.4530029296875,8.4530029296875
l59_485,9,47,114,10.6859130859375,10.6859130859375
l59_485,9,48,and,1.2008056640625,1.2008056640625
l59_485,9,49,116,1.946044921875,1.946044921875
l59_485,9,50,were,2.2247314453125,2.2247314453125
l59_485,9,51,included.,6.82568359375,3.412841796875
l59_485,9,52,The,1.6063232421875,1.6063232421875
l59_485,9,53,new,2.8214111328125,2.8214111328125
l59_485,9,54,"elements,",4.0257568359375,2.01287841796875
l59_485,9,55,all,5.7015380859375,5.7015380859375
